ID_Client;Age;Genre;Anciennete_Mois;Type_Contrat;Montant_Mensuel;Service_Streaming;Churn;Total_Paye
C1000;69;F;47;Annuel;79.03;Oui;Non;3714.41
C1001;32;M;21;Mensuel;46.81;Non;Non;983.01
C1002;78;M;36;Annuel;82.41;Non;Oui;2966.7599999999998
C1003;38;M;19;Annuel;60.94;Non;Non;1157.86
C1004;41;F;20;Mensuel;75.2;Oui;Non;1504.0
C1005;20;F;57;Annuel;63.61;Oui;Oui;3625.77
C1006;39;Femme;18;Mensuel;49.45;Oui;Oui;890.1
C1007;70;M;47;Annuel;114.85;Oui;Non;5397.95
C1008;19;F;49;Mensuel;96.36;Non;Non;4721.64
C1009;47;M;14;Annuel;34.01;Oui;Non;476.14
C1010;55;M;15;Mensuel;106.85;Non;Non;1602.75
C1011;19;F;31;Mensuel;68.74;Non;Non;2130.94
C1012;81;M;1;Bi-annuel;109.46;Non;Non;109.46
C1013;77;M;54;Annuel;99.99;Oui;Non;5399.46
C1014;38;F;3;Bi-annuel;62.52;Non;Non;187.56
C1015;NaN;F;16;Bi-annuel;22.25;Oui;Non;356.0
C1016;75;M;57;Mensuel;46.87;Oui;Non;2671.5899999999997
C1017;39;F;12;Mensuel;74.16;Non;Non;889.92
C1018;66;Femme;16;Mensuel;83.35;Oui;Non;1333.6
C1019;76;M;24;Annuel;45.79;Non;Non;1098.96
C1020;59;Femme;28;Bi-annuel;33.94;Oui;Oui;950.3199999999999
C1021;77;F;8;Annuel;103.49;Oui;Oui;827.92
C1022;32;M;36;Annuel;118.44;Non;Non;4263.84
C1023;79;M;8;Bi-annuel;72.57;Oui;Non;580.56
C1024;79;H;58;Annuel;37.17;Oui;Non;2155.86
C1025;64;M;60;Bi-annuel;47.23;Non;Non;2833.7999999999997
C1026;79;M;50;Bi-annuel;21.84;Oui;Non;1092.0
C1027;68;M;28;Mensuel;111.43;Non;Non;3120.04
C1028;72;Femme;41;Mensuel;31.78;Oui;Non;1302.98
C1029;81;F;64;Mensuel;77.65;Oui;Non;4969.6
C1030;20;Femme;27;Mensuel;47.41;Oui;Non;1280.07
C1031;68;F;63;Bi-annuel;75.42;Oui;Non;4751.46
C1032;24;F;17;Annuel;85.14;Non;Non;1447.38
C1033;38;H;33;Mensuel;102.97;Oui;Oui;3398.0099999999998
C1034;56;M;29;Bi-annuel;40.64;Oui;Non;1178.56
C1035;35;F;13;Bi-annuel;21.1;Non;Non;274.3
C1036;21;Femme;46;Mensuel;33.69;Oui;Non;1549.7399999999998
C1037;77;F;35;Annuel;110.0;Oui;Non;3850.0
C1038;31;Femme;6;Bi-annuel;107.39;Oui;Oui;644.34
C1039;26;F;69;Mensuel;79.74;Oui;Non;5502.0599999999995
C1040;70;F;47;Bi-annuel;80.05;Non;Non;3762.35
C1041;19;M;25;Bi-annuel;86.5;Non;Non;2162.5
C1042;77;M;66;Mensuel;37.54;Non;Non;2477.64
C1043;61;M;10;Mensuel;111.44;Oui;Oui;1114.4
C1044;25;M;56;Mensuel;61.88;Non;Non;3465.28
C1045;64;M;30;Bi-annuel;58.31;Non;Non;1749.3000000000002
C1046;52;M;5;Bi-annuel;71.89;Oui;Non;359.45
C1047;53;M;33;Annuel;24.7;Non;Non;815.1
C1048;67;F;65;Bi-annuel;36.63;Non;Non;2380.9500000000003
C1049;21;M;18;Mensuel;93.8;Oui;Non;1688.3999999999999
C1050;19;M;49;Bi-annuel;28.28;Non;Non;1385.72
C1051;23;M;11;Annuel;80.32;Non;Non;883.52
C1052;71;M;26;Mensuel;44.53;Non;Oui;1157.78
C1053;21;H;63;Bi-annuel;58.93;Oui;Oui;3712.59
C1054;71;F;59;Bi-annuel;48.87;Non;Oui;2883.33
C1055;80;F;27;Annuel;55.57;Oui;Non;1500.39
C1056;35;M;49;Mensuel;91.9;Oui;Oui;4503.1
C1057;61;F;33;Bi-annuel;49.71;Oui;Non;1640.43
C1058;51;M;1;Bi-annuel;76.64;Non;Non;76.64
C1059;79;M;21;Annuel;67.61;Oui;Non;1419.81
C1060;31;H;55;Annuel;86.37;Non;Non;4750.35
C1061;65;F;6;Annuel;113.68;Oui;Non;682.08
C1062;32;F;69;Annuel;93.26;Oui;Oui;6434.9400000000005
C1063;79;F;5;Annuel;41.49;Non;Non;207.45000000000002
C1064;57;Femme;3;Bi-annuel;23.12;Oui;Non;69.36
C1065;70;F;53;Bi-annuel;46.23;Oui;Non;2450.19
C1066;41;M;23;Mensuel;79.51;Non;Non;1828.73
C1067;43;M;53;Bi-annuel;25.14;Non;Non;1332.42
C1068;77;M;37;Annuel;69.64;Oui;Non;2576.68
C1069;58;M;17;Bi-annuel;79.68;Non;Oui;1354.5600000000002
C1070;46;M;1;Bi-annuel;53.42;Non;Non;53.42
C1071;32;H;51;Annuel;97.09;Oui;Non;4951.59
C1072;62;Femme;45;Bi-annuel;30.66;Non;Non;1379.7
C1073;82;M;4;Bi-annuel;27.51;Oui;Non;110.04
C1074;26;F;62;Mensuel;92.82;Non;Non;5754.839999999999
C1075;18;M;65;Bi-annuel;69.55;Non;Non;4520.75
C1076;25;H;32;Annuel;88.84;Non;Non;2842.88
C1077;80;F;34;Annuel;63.48;Non;Non;2158.3199999999997
C1078;28;M;39;Annuel;44.64;Non;Oui;1740.96
C1079;25;M;26;Bi-annuel;101.91;Oui;Non;2649.66
C1080;52;F;34;Mensuel;99.94;Oui;Non;3397.96
C1081;52;M;54;Bi-annuel;89.47;Oui;Non;4831.38
C1082;50;F;3;Bi-annuel;47.21;Oui;Oui;141.63
C1083;22;Femme;50;Mensuel;79.02;Oui;Oui;3951.0
C1084;58;M;12;Bi-annuel;56.1;Oui;Oui;673.2
C1085;45;M;65;Mensuel;29.16;Oui;Oui;1895.4
C1086;24;H;54;Annuel;111.73;Oui;Non;6033.42
C1087;29;F;5;Annuel;33.68;Non;Non;168.4
C1088;51;M;57;Annuel;115.02;Oui;Non;6556.139999999999
C1089;50;M;17;Mensuel;64.6;Oui;Non;1098.1999999999998
C1090;65;M;47;Bi-annuel;38.51;Non;Non;1809.9699999999998
C1091;40;F;23;Mensuel;74.19;Oui;Non;1706.37
C1092;79;F;14;Mensuel;107.29;Non;Non;1502.0600000000002
C1093;54;F;66;Bi-annuel;93.22;Oui;Non;6152.5199999999995
C1094;61;M;51;Annuel;100.66;Oui;Non;5133.66
C1095;52;M;38;Bi-annuel;85.88;Non;Oui;3263.4399999999996
C1096;82;H;64;Bi-annuel;89.23;Non;Non;5710.72
C1097;64;F;38;Mensuel;104.92;Non;Non;3986.96
C1098;20;H;50;Mensuel;44.97;Non;Non;2248.5
C1099;18;Femme;30;Bi-annuel;68.94;Non;Oui;2068.2
C1100;22;M;51;Mensuel;42.12;Oui;Non;2148.12
C1101;31;F;63;Bi-annuel;118.77;Oui;Oui;7482.509999999999
C1102;44;F;52;Annuel;114.41;Oui;Non;5949.32
C1103;26;F;38;Bi-annuel;23.94;Non;Non;909.72
C1104;32;M;30;Bi-annuel;90.56;Non;Non;2716.8
C1105;59;F;51;Annuel;112.52;Non;Non;5738.5199999999995
C1106;68;M;5;Annuel;38.06;Non;Non;190.3
C1107;80;F;29;Bi-annuel;76.79;Non;Non;2226.9100000000003
C1108;69;F;4;Mensuel;111.55;Non;Oui;446.2
C1109;21;H;10;Mensuel;-23.39;Oui;Oui;233.9
C1110;40;Femme;56;Bi-annuel;89.74;Non;Non;5025.44
C1111;32;M;17;Mensuel;49.73;Oui;Non;845.41
C1112;60;F;17;Annuel;112.44;Non;Non;1911.48
C1113;46;M;69;Annuel;117.11;Oui;Non;8080.59
C1114;53;H;34;Annuel;114.43;Oui;Non;3890.6200000000003
C1115;30;Femme;6;Annuel;67.42;Non;Non;404.52
C1116;49;M;53;Bi-annuel;106.2;Oui;Non;5628.6
C1117;76;F;66;Mensuel;104.45;Non;Non;6893.7
C1118;45;F;43;Bi-annuel;51.91;Non;Non;2232.1299999999997
C1119;83;M;23;Mensuel;102.89;Non;Non;2366.47
C1120;59;F;55;Mensuel;23.7;Non;Non;1303.5
C1121;62;F;16;Mensuel;79.63;Non;Non;1274.08
C1122;79;F;8;Mensuel;43.0;Non;Non;344.0
C1123;74;F;4;Mensuel;32.06;Non;Non;128.24
C1124;23;M;4;Annuel;27.7;Non;Oui;110.8
C1125;45;M;56;Bi-annuel;89.63;Oui;Oui;5019.28
C1126;45;M;25;Mensuel;53.99;Non;Non;1349.75
C1127;61;H;67;Mensuel;92.48;Non;Non;6196.16
C1128;47;Femme;67;Annuel;26.54;Oui;Oui;1778.1799999999998
C1129;79;Femme;27;Bi-annuel;51.53;Oui;Non;1391.31
C1130;79;M;32;Bi-annuel;73.95;Non;Non;2366.4
C1131;18;M;50;Annuel;99.07;Oui;Non;4953.5
C1132;44;Femme;61;Mensuel;51.88;Oui;Non;3164.6800000000003
C1133;79;H;51;Mensuel;82.59;Oui;Non;4212.09
C1134;20;M;19;Mensuel;108.6;Non;Non;2063.4
C1135;44;F;21;Mensuel;81.59;Non;Oui;1713.39
C1136;26;M;5;Mensuel;43.3;Oui;Non;216.5
C1137;79;F;42;Mensuel;22.44;Oui;Non;942.48
C1138;54;F;61;Annuel;107.01;Non;Non;6527.610000000001
C1139;68;M;22;Mensuel;22.13;Oui;Non;486.85999999999996
C1140;61;F;21;Bi-annuel;107.47;Non;Non;2256.87
C1141;41;F;70;Annuel;72.89;Oui;Oui;5102.3
C1142;76;M;1;Bi-annuel;113.91;Oui;Oui;113.91
C1143;49;Femme;5;Mensuel;99.88;Oui;Non;499.4
C1144;69;F;12;Bi-annuel;119.79;Oui;Non;1437.48
C1145;79;M;46;Annuel;55.07;Non;Non;2533.22
C1146;75;F;34;Bi-annuel;96.72;Non;Oui;3288.48
C1147;69;F;49;Annuel;60.19;Non;Non;2949.31
C1148;29;M;45;Annuel;67.99;Oui;Oui;3059.5499999999997
C1149;56;M;27;Annuel;82.75;Oui;Non;2234.25
C1150;19;H;26;Mensuel;107.37;Oui;Non;2791.62
C1151;20;F;47;Mensuel;118.41;Non;Non;5565.2699999999995
C1152;73;F;56;Bi-annuel;96.83;Non;Non;5422.48
C1153;76;F;63;Annuel;61.78;Oui;Non;3892.14
C1154;19;M;48;Bi-annuel;62.14;Non;Non;2982.7200000000003
C1155;19;M;61;Annuel;93.76;Oui;Non;5719.360000000001
C1156;71;M;26;Mensuel;43.88;Oui;Non;1140.88
C1157;18;F;36;Annuel;31.05;Oui;Oui;1117.8
C1158;36;M;1;Mensuel;55.46;Non;Non;55.46
C1159;19;M;8;Mensuel;48.72;Oui;Non;389.76
C1160;70;M;52;Annuel;49.63;Oui;Non;2580.76
C1161;61;F;47;Mensuel;43.36;Oui;Oui;2037.92
C1162;49;M;56;Bi-annuel;24.21;Non;Non;1355.76
C1163;49;H;14;Mensuel;21.79;Oui;Oui;305.06
C1164;72;Femme;28;Bi-annuel;118.77;Non;Non;3325.56
C1165;73;M;2;Annuel;62.78;Oui;Non;125.56
C1166;34;M;26;Bi-annuel;58.43;Oui;Non;1519.18
C1167;55;F;14;Mensuel;87.96;Non;Non;1231.4399999999998
C1168;41;M;59;Annuel;41.83;Oui;Non;2467.97
C1169;28;M;56;Annuel;115.0;Oui;Non;6440.0
C1170;33;H;7;Annuel;98.63;Oui;Non;690.41
C1171;76;F;3;Bi-annuel;28.94;Oui;Non;86.82000000000001
C1172;20;F;23;Bi-annuel;61.76;Oui;Non;1420.48
C1173;37;F;18;Mensuel;107.91;Oui;Non;1942.3799999999999
C1174;76;Femme;38;Annuel;114.47;Oui;Non;4349.86
C1175;53;M;15;Annuel;66.74;Non;Non;1001.0999999999999
C1176;36;M;64;Bi-annuel;81.34;Oui;Non;5205.76
C1177;84;F;28;Bi-annuel;36.7;Oui;Oui;1027.6000000000001
C1178;36;F;39;Mensuel;119.12;Non;Non;4645.68
C1179;37;F;57;Mensuel;43.17;Non;Oui;2460.69
C1180;69;F;17;Annuel;114.27;Non;Non;1942.59
C1181;50;F;44;Mensuel;84.96;Non;Non;3738.24
C1182;NaN;H;25;Mensuel;80.77;Oui;Non;2019.25
C1183;56;M;17;Mensuel;71.27;Non;Non;1211.59
C1184;18;F;13;Mensuel;43.07;Oui;Non;559.91
C1185;28;M;25;Annuel;37.65;Oui;Oui;941.25
C1186;74;Femme;68;Annuel;42.05;Non;Non;2859.3999999999996
C1187;67;M;10;Mensuel;38.64;Non;Non;386.4
C1188;40;M;67;Mensuel;97.96;Non;Non;6563.32
C1189;48;F;18;Bi-annuel;55.01;Non;Non;990.18
C1190;59;F;34;Bi-annuel;25.78;Non;Non;876.52
C1191;24;M;8;Annuel;116.91;Oui;Non;935.28
C1192;33;M;40;Bi-annuel;108.38;Oui;Oui;4335.2
C1193;77;H;42;Bi-annuel;112.78;Oui;Non;4736.76
C1194;19;F;41;Bi-annuel;119.49;Oui;Non;4899.09
C1195;18;Femme;6;Annuel;37.39;Non;Oui;224.34
C1196;65;F;52;Annuel;59.62;Non;Oui;3100.24
C1197;29;M;26;Bi-annuel;95.82;Non;Non;2491.3199999999997
C1198;54;H;64;Annuel;89.6;Non;Non;5734.4
C1199;49;Femme;59;Annuel;35.39;Oui;Non;2088.01
C1200;26;H;56;Annuel;101.58;Non;Non;5688.48
C1201;36;H;59;Bi-annuel;42.44;Oui;Non;2503.96
C1202;65;Femme;70;Bi-annuel;42.38;Non;Non;2966.6000000000004
C1203;20;M;33;Mensuel;73.7;Non;Non;2432.1
C1204;37;F;53;Mensuel;79.29;Oui;Oui;4202.37
C1205;41;M;22;Mensuel;78.01;Oui;Non;1716.22
C1206;71;F;21;Bi-annuel;29.15;Oui;Non;612.15
C1207;50;M;70;Annuel;107.75;Oui;Non;7542.5
C1208;41;M;70;Mensuel;46.56;Oui;Non;3259.2000000000003
C1209;53;H;4;Mensuel;32.95;Non;Non;131.8
C1210;55;M;62;Bi-annuel;108.87;Oui;Non;6749.9400000000005
C1211;42;F;62;Bi-annuel;115.57;Non;Non;7165.339999999999
C1212;35;F;24;Bi-annuel;106.21;Non;Non;2549.04
C1213;83;F;55;Annuel;100.95;Oui;Non;5552.25
C1214;71;H;9;Annuel;85.52;Non;Non;769.68
C1215;52;H;3;Mensuel;75.09;Non;Non;225.27
C1216;78;F;31;Mensuel;28.7;Non;Non;889.6999999999999
C1217;58;F;40;Annuel;60.85;Oui;Non;2434.0
C1218;50;M;36;Mensuel;57.27;Oui;Non;2061.7200000000003
C1219;50;M;24;Mensuel;45.98;Oui;Non;1103.52
C1220;31;H;6;Mensuel;92.34;Non;Non;554.04
C1221;38;F;66;Bi-annuel;69.59;Non;Oui;4592.9400000000005
C1222;65;F;4;Bi-annuel;28.1;Non;Non;112.4
C1223;37;F;6;Annuel;42.02;Oui;Non;252.12
C1224;25;M;51;Bi-annuel;88.33;Non;Non;4504.83
C1225;24;F;62;Bi-annuel;27.61;Oui;Non;1711.82
C1226;84;F;57;Bi-annuel;105.12;Non;Non;5991.84
C1227;34;Femme;66;Mensuel;69.51;Non;Non;4587.660000000001
C1228;50;M;8;Mensuel;68.06;Oui;Non;544.48
C1229;65;H;26;Bi-annuel;79.24;Non;Oui;2060.24
C1230;76;M;51;Annuel;102.47;Non;Non;Manquant
C1231;39;M;45;Annuel;54.78;Non;Non;2465.1
C1232;47;F;44;Bi-annuel;87.8;Non;Non;3863.2
C1233;55;F;5;Mensuel;76.57;Non;Oui;382.84999999999997
C1234;68;M;70;Annuel;46.7;Non;Non;3269.0
C1235;71;M;26;Annuel;107.86;Oui;Oui;2804.36
C1236;25;Femme;68;Annuel;99.74;Oui;Non;6782.32
C1237;44;M;19;Mensuel;85.85;Oui;Oui;1631.1499999999999
C1238;44;F;20;Annuel;105.06;Oui;Oui;2101.2
C1239;38;F;12;Mensuel;106.73;Oui;Non;1280.76
C1240;47;F;47;Bi-annuel;90.84;Oui;Oui;4269.4800000000005
C1241;45;F;1;Bi-annuel;103.7;Non;Non;103.7
C1242;81;F;14;Mensuel;89.75;Oui;Non;1256.5
C1243;78;H;64;Bi-annuel;88.01;Oui;Non;5632.64
C1244;65;M;38;Mensuel;81.86;Oui;Non;3110.68
C1245;36;F;37;Bi-annuel;95.27;Non;Non;3524.99
C1246;21;M;11;Bi-annuel;35.86;Oui;Non;394.46
C1247;52;M;3;Annuel;108.09;Non;Oui;324.27
C1248;81;F;33;Annuel;107.18;Non;Oui;3536.94
C1249;66;M;6;Mensuel;22.92;Non;Oui;137.52
C1250;34;M;50;Mensuel;102.58;Non;Non;5129.0
C1251;61;F;10;Bi-annuel;32.89;Oui;Non;328.9
C1252;47;M;5;Annuel;53.51;Non;Non;267.55
C1253;63;F;23;Annuel;94.35;Non;Non;2170.0499999999997
C1254;23;H;10;Bi-annuel;36.08;Non;Oui;360.79999999999995
C1255;54;H;44;Annuel;101.8;Oui;Non;4479.2
C1256;41;M;2;Annuel;103.21;Non;Non;206.42
C1257;63;M;13;Annuel;70.75;Non;Non;919.75
C1258;70;M;40;Mensuel;20.64;Oui;Non;825.6
C1259;77;H;2;Annuel;48.7;Oui;Non;97.4
C1260;80;Femme;65;Bi-annuel;81.69;Oui;Non;5309.849999999999
C1261;49;Femme;63;Annuel;118.12;Oui;Non;7441.56
C1262;50;M;17;Bi-annuel;83.18;Oui;Non;1414.0600000000002
C1263;84;M;9;Mensuel;45.98;Non;Oui;413.82
C1264;35;Femme;15;Annuel;83.4;Oui;Oui;1251.0
C1265;42;F;24;Bi-annuel;74.0;Non;Non;1776.0
C1266;71;F;38;Annuel;97.98;Non;Oui;3723.2400000000002
C1267;75;H;35;Bi-annuel;30.7;Oui;Non;1074.5
C1268;84;F;49;Mensuel;96.1;Oui;Non;4708.9
C1269;63;M;69;Bi-annuel;74.13;Oui;Non;5114.969999999999
C1270;41;Femme;62;Annuel;116.3;Oui;Oui;7210.599999999999
C1271;49;M;60;Mensuel;54.19;Non;Non;3251.3999999999996
C1272;64;F;50;Mensuel;83.26;Oui;Non;4163.0
C1273;40;H;9;Annuel;113.2;Oui;Non;1018.8000000000001
C1274;83;M;34;Annuel;30.25;Oui;Non;1028.5
C1275;44;M;35;Mensuel;113.72;Oui;Non;3980.2
C1276;19;M;1;Bi-annuel;88.79;Oui;Non;88.79
C1277;34;F;40;Bi-annuel;26.78;Non;Oui;1071.2
C1278;50;M;64;Annuel;50.1;Non;Non;3206.4
C1279;26;F;22;Mensuel;90.82;Non;Non;1998.04
C1280;60;F;60;Bi-annuel;26.74;Oui;Non;1604.3999999999999
C1281;65;M;64;Annuel;78.22;Oui;Non;5006.08
C1282;56;F;11;Bi-annuel;54.59;Non;Non;600.49
C1283;59;M;14;Annuel;82.09;Oui;Non;1149.26
C1284;43;F;60;Mensuel;24.57;Non;Non;1474.2
C1285;67;H;30;Bi-annuel;107.15;Non;Non;3214.5
C1286;42;Femme;35;Bi-annuel;117.35;Non;Non;4107.25
C1287;41;M;37;Mensuel;116.89;Non;Non;4324.93
C1288;30;F;5;Annuel;94.97;Oui;Non;474.85
C1289;77;M;26;Annuel;33.01;Non;Non;858.26
C1290;24;M;62;Bi-annuel;95.83;Oui;Non;5941.46
C1291;74;F;4;Annuel;22.46;Oui;Oui;89.84
C1292;53;F;42;Bi-annuel;22.21;Non;Non;932.82
C1293;62;M;18;Bi-annuel;52.36;Non;Non;942.48
C1294;37;F;40;Mensuel;68.86;Oui;Non;2754.4
C1295;82;F;39;Bi-annuel;97.04;Non;Oui;3784.5600000000004
C1296;250;F;14;Annuel;88.33;Non;Non;1236.62
C1297;33;M;32;Bi-annuel;64.59;Oui;Non;2066.88
C1298;31;M;51;Annuel;47.36;Oui;Oui;2415.36
C1299;32;Femme;38;Bi-annuel;119.71;Non;Non;4548.98
C1300;83;H;23;Mensuel;62.62;Non;Non;1440.26
C1301;49;F;63;Mensuel;65.14;Non;Non;4103.82
C1302;80;Femme;15;Annuel;36.36;Non;Oui;545.4
C1303;68;F;25;Bi-annuel;99.48;Non;Non;2487.0
C1304;42;M;17;Annuel;89.37;Non;Non;1519.29
C1305;75;M;66;Mensuel;42.08;Non;Oui;2777.2799999999997
C1306;80;M;53;Annuel;28.24;Non;Non;1496.72
C1307;79;Femme;51;Annuel;88.05;Oui;Oui;4490.55
C1308;39;F;39;Annuel;85.45;Oui;Non;3332.55
C1309;75;Femme;51;Annuel;47.33;Oui;Non;2413.83
C1310;75;Femme;70;Annuel;115.09;Oui;Non;8056.3
C1311;66;M;6;Mensuel;35.11;Oui;Non;210.66
C1312;69;M;67;Mensuel;63.23;Non;Non;4236.41
C1313;59;M;7;Bi-annuel;114.36;Oui;Non;800.52
C1314;32;F;51;Annuel;61.97;Oui;Oui;3160.47
C1315;71;Femme;42;Mensuel;83.85;Oui;Non;3521.7
C1316;77;F;64;Bi-annuel;59.76;Oui;Non;3824.64
C1317;25;F;15;Mensuel;47.42;Non;Non;711.3000000000001
C1318;70;M;29;Bi-annuel;118.4;Oui;Non;3433.6000000000004
C1319;77;H;33;Bi-annuel;60.93;Non;Oui;2010.69
C1320;22;Femme;27;Bi-annuel;109.41;Non;Non;2954.0699999999997
C1321;23;H;36;Annuel;43.0;Non;Non;1548.0
C1322;64;Femme;29;Annuel;41.31;Oui;Non;1197.99
C1323;72;Femme;38;Bi-annuel;23.11;Oui;Non;878.18
C1324;57;M;57;Bi-annuel;85.17;Non;Non;4854.6900000000005
C1325;69;F;27;Annuel;56.85;Oui;Oui;1534.95
C1326;33;M;55;Mensuel;106.44;Oui;Non;5854.2
C1327;30;H;33;Annuel;67.32;Oui;Oui;2221.56
C1328;47;Femme;68;Annuel;116.82;Non;Non;7943.759999999999
C1329;36;Femme;66;Bi-annuel;38.55;Non;Non;2544.2999999999997
C1330;34;Femme;10;Bi-annuel;106.86;Non;Non;1068.6
C1331;80;M;5;Annuel;97.66;Oui;Non;488.29999999999995
C1332;36;F;38;Annuel;97.09;Oui;Non;3689.42
C1333;75;M;13;Annuel;104.48;Oui;Non;1358.24
C1334;72;Femme;31;Bi-annuel;96.1;Non;Non;2979.1
C1335;79;Femme;47;Annuel;82.62;Oui;Non;3883.1400000000003
C1336;40;M;52;Annuel;33.12;Oui;Oui;1722.2399999999998
C1337;26;Femme;56;Mensuel;23.25;Oui;Non;1302.0
C1338;29;F;15;Annuel;112.08;Non;Oui;1681.2
C1339;18;M;29;Bi-annuel;81.67;Oui;Non;2368.43
C1340;75;F;8;Annuel;99.65;Non;Non;797.2
C1341;18;M;5;Bi-annuel;68.15;Oui;Non;340.75
C1342;51;M;29;Annuel;31.73;Non;Non;920.17
C1343;65;M;47;Bi-annuel;32.52;Oui;Non;1528.44
C1344;18;M;68;Bi-annuel;88.56;Non;Non;6022.08
C1345;33;Femme;45;Bi-annuel;63.03;Oui;Non;2836.35
C1346;78;H;2;Annuel;40.05;Non;Non;80.1
C1347;81;M;27;Mensuel;69.16;Non;Oui;1867.32
C1348;80;F;36;Bi-annuel;26.42;Oui;Oui;951.1200000000001
C1349;39;M;36;Bi-annuel;78.2;Oui;Oui;2815.2000000000003
C1350;84;H;26;Bi-annuel;46.9;Oui;Non;1219.3999999999999
C1351;43;F;43;Mensuel;99.76;Non;Non;4289.68
C1352;33;H;27;Mensuel;51.04;Non;Oui;1378.08
C1353;68;M;69;Annuel;65.52;Non;Non;4520.88
C1354;74;H;20;Bi-annuel;21.16;Non;Non;423.2
C1355;46;M;11;Bi-annuel;27.24;Oui;Non;299.64
C1356;64;H;38;Bi-annuel;59.25;Oui;Non;2251.5
C1357;79;M;6;Annuel;67.99;Non;Oui;407.93999999999994
C1358;33;M;23;Mensuel;80.0;Non;Non;1840.0
C1359;65;F;47;Annuel;49.17;Non;Non;2310.9900000000002
C1360;56;F;46;Bi-annuel;89.5;Oui;Non;4117.0
C1361;50;M;12;Annuel;106.01;Non;Non;1272.1200000000001
C1362;40;F;13;Bi-annuel;97.99;Non;Oui;1273.87
C1363;27;F;62;Bi-annuel;23.96;Oui;Non;1485.52
C1364;51;M;60;Mensuel;68.05;Non;Oui;4083.0
C1365;69;F;43;Bi-annuel;30.49;Oui;Oui;1311.07
C1366;27;M;68;Mensuel;44.2;Non;Non;3005.6000000000004
C1367;36;F;5;Annuel;118.67;Oui;Oui;593.35
C1368;75;M;37;Mensuel;34.25;Oui;Non;1267.25
C1369;18;H;31;Annuel;69.89;Non;Oui;2166.59
C1370;21;F;9;Annuel;81.82;Oui;Non;736.3799999999999
C1371;33;F;51;Bi-annuel;90.25;Oui;Non;4602.75
C1372;41;F;29;Mensuel;75.96;Oui;Non;2202.8399999999997
C1373;19;F;40;Mensuel;20.98;Oui;Non;839.2
C1374;49;M;41;Bi-annuel;52.65;Oui;Oui;2158.65
C1375;41;M;11;Annuel;71.77;Non;Non;789.4699999999999
C1376;29;F;23;Mensuel;28.79;Oui;Non;662.17
C1377;67;M;1;Bi-annuel;55.06;Non;Oui;55.06
C1378;52;M;46;Mensuel;23.32;Oui;Oui;1072.72
C1379;50;Femme;21;Annuel;27.86;Oui;Non;585.06
C1380;NaN;F;36;Mensuel;59.69;Non;Non;2148.84
C1381;78;M;54;Mensuel;33.27;Non;Non;1796.5800000000002
C1382;68;M;57;Mensuel;76.75;Non;Non;4374.75
C1383;60;F;1;Bi-annuel;88.95;Non;Non;88.95
C1384;29;F;63;Bi-annuel;100.06;Oui;Non;6303.78
C1385;84;M;54;Bi-annuel;40.02;Oui;Oui;2161.0800000000004
C1386;82;M;55;Mensuel;36.75;Non;Non;2021.25
C1387;50;F;40;Annuel;30.46;Non;Non;1218.4
C1388;57;H;15;Annuel;83.64;Oui;Non;1254.6
C1389;60;F;21;Annuel;90.65;Non;Oui;1903.65
C1390;61;H;47;Annuel;23.16;Oui;Oui;1088.52
C1391;46;F;53;Annuel;113.62;Oui;Oui;6021.860000000001
C1392;30;M;9;Mensuel;25.2;Oui;Non;226.79999999999998
C1393;29;F;52;Bi-annuel;74.13;Oui;Non;3854.7599999999998
C1394;63;M;57;Mensuel;90.91;Non;Non;5181.87
C1395;19;M;26;Annuel;107.1;Non;Non;2784.6
C1396;52;F;41;Annuel;91.41;Non;Non;3747.81
C1397;25;F;35;Mensuel;100.17;Non;Non;3505.9500000000003
C1398;43;F;63;Annuel;53.95;Oui;Non;3398.8500000000004
C1399;51;F;25;Annuel;101.48;Oui;Oui;2537.0
C1400;24;F;38;Bi-annuel;28.01;Oui;Oui;1064.38
C1401;75;M;2;Mensuel;109.48;Oui;Non;218.96
C1402;46;F;7;Bi-annuel;74.76;Oui;Non;523.32
C1403;53;H;34;Annuel;101.73;Non;Oui;3458.82
C1404;38;F;17;Mensuel;65.23;Oui;Non;1108.91
C1405;53;M;43;Annuel;84.36;Oui;Non;3627.48
C1406;27;M;59;Bi-annuel;72.64;Non;Oui;4285.76
C1407;41;F;51;Bi-annuel;93.16;Non;Non;4751.16
C1408;81;F;54;Mensuel;28.16;Oui;Oui;1520.64
C1409;66;M;24;Annuel;26.04;Non;Non;624.96
C1410;53;Femme;25;Annuel;44.71;Oui;Non;1117.75
C1411;41;F;71;Bi-annuel;35.95;Oui;Non;2552.4500000000003
C1412;40;F;52;Mensuel;107.18;Oui;Oui;5573.360000000001
C1413;79;M;70;Bi-annuel;41.92;Non;Non;2934.4
C1414;54;M;33;Annuel;117.59;Oui;Non;3880.4700000000003
C1415;29;M;49;Annuel;53.69;Oui;Oui;2630.81
C1416;72;M;29;Annuel;38.21;Non;Oui;1108.09
C1417;30;F;63;Annuel;98.97;Oui;Non;6235.11
C1418;40;Femme;22;Bi-annuel;85.87;Non;Oui;1889.14
C1419;47;M;26;Bi-annuel;69.82;Oui;Non;1815.3199999999997
C1420;34;F;28;Annuel;75.54;Non;Non;2115.1200000000003
C1421;79;F;49;Bi-annuel;91.92;Non;Non;4504.08
C1422;30;M;71;Annuel;42.85;Non;Non;3042.35
C1423;76;F;49;Bi-annuel;119.63;Non;Non;5861.87
C1424;36;F;20;Annuel;117.48;Oui;Oui;2349.6
C1425;66;M;63;Mensuel;85.03;Oui;Non;5356.89
C1426;29;F;61;Annuel;39.95;Non;Non;2436.9500000000003
C1427;78;M;49;Annuel;88.02;Non;Non;4312.98
C1428;36;F;71;Bi-annuel;27.22;Oui;Non;1932.62
C1429;26;F;1;Mensuel;23.07;Oui;Non;23.07
C1430;45;M;13;Mensuel;45.77;Non;Non;595.01
C1431;69;F;51;Bi-annuel;66.26;Oui;Non;3379.26
C1432;33;M;56;Mensuel;106.83;Non;Oui;5982.48
C1433;29;H;62;Mensuel;92.72;Non;Non;5748.64
C1434;42;F;32;Annuel;94.27;Non;Oui;3016.64
C1435;69;M;30;Bi-annuel;62.55;Non;Non;1876.5
C1436;70;M;29;Annuel;54.59;Oui;Non;1583.1100000000001
C1437;40;Femme;49;Bi-annuel;57.1;Oui;Oui;2797.9
C1438;33;F;45;Bi-annuel;118.76;Non;Non;5344.2
C1439;74;Femme;30;Mensuel;24.01;Non;Oui;720.3000000000001
C1440;56;F;16;Bi-annuel;106.7;Oui;Non;1707.2
C1441;70;H;40;Annuel;77.87;Non;Non;3114.8
C1442;59;F;19;Bi-annuel;63.86;Oui;Non;1213.34
C1443;75;H;18;Bi-annuel;92.53;Non;Non;1665.54
C1444;56;Femme;1;Annuel;68.67;Non;Non;68.67
C1445;31;F;47;Mensuel;107.34;Non;Non;5044.9800000000005
C1446;22;F;66;Bi-annuel;110.07;Oui;Non;7264.62
C1447;52;F;38;Mensuel;62.17;Non;Non;2362.46
C1448;35;Femme;51;Bi-annuel;47.68;Oui;Non;2431.68
C1449;26;F;63;Bi-annuel;79.24;Oui;Non;4992.12
C1450;75;Femme;4;Bi-annuel;111.24;Oui;Non;444.96
C1451;34;F;1;Bi-annuel;41.07;Oui;Non;41.07
C1452;24;F;8;Bi-annuel;82.3;Oui;Non;658.4
C1453;63;M;29;Bi-annuel;83.16;Non;Non;2411.64
C1454;30;M;55;Annuel;93.31;Non;Non;5132.05
C1455;57;F;3;Bi-annuel;33.16;Non;Non;99.47999999999999
C1456;59;F;32;Mensuel;91.58;Non;Oui;2930.56
C1457;26;F;10;Annuel;110.9;Oui;Non;1109.0
C1458;67;F;34;Annuel;37.97;Non;Non;1290.98
C1459;44;M;55;Bi-annuel;43.75;Oui;Non;2406.25
C1460;83;M;32;Bi-annuel;117.14;Oui;Oui;3748.48
C1461;22;M;50;Annuel;38.1;Non;Oui;1905.0
C1462;46;M;7;Bi-annuel;105.44;Non;Oui;738.0799999999999
C1463;54;M;8;Bi-annuel;69.23;Oui;Non;553.84
C1464;55;F;65;Mensuel;44.72;Oui;Non;2906.7999999999997
C1465;25;M;57;Mensuel;107.07;Oui;Non;6102.99
C1466;82;M;67;Mensuel;64.53;Non;Non;4323.51
C1467;34;F;59;Bi-annuel;71.48;Non;Non;4217.320000000001
C1468;62;F;54;Annuel;55.92;Non;Oui;3019.6800000000003
C1469;21;M;67;Bi-annuel;79.3;Oui;Non;5313.099999999999
C1470;53;F;51;Mensuel;36.35;Non;Non;1853.8500000000001
C1471;48;F;8;Mensuel;59.11;Oui;Non;472.88
C1472;36;F;34;Bi-annuel;116.94;Oui;Non;3975.96
C1473;78;M;35;Bi-annuel;45.81;Non;Oui;1603.3500000000001
C1474;71;F;32;Mensuel;85.67;Non;Non;2741.44
C1475;56;H;46;Annuel;52.52;Non;Non;2415.92
C1476;36;F;16;Mensuel;97.35;Non;Non;1557.6
C1477;56;F;68;Bi-annuel;33.09;Oui;Non;2250.1200000000003
C1478;84;Femme;37;Mensuel;116.98;Non;Oui;4328.26
C1479;62;F;54;Annuel;65.38;Non;Oui;3530.5199999999995
C1480;30;M;14;Mensuel;43.61;Non;Oui;610.54
C1481;75;M;55;Bi-annuel;27.35;Oui;Oui;1504.25
C1482;37;M;48;Mensuel;36.98;Oui;Non;1775.04
C1483;78;F;7;Annuel;71.98;Non;Non;503.86
C1484;56;Femme;7;Bi-annuel;53.7;Oui;Oui;375.90000000000003
C1485;18;H;33;Bi-annuel;102.89;Non;Non;3395.37
C1486;20;F;23;Bi-annuel;63.09;Oui;Non;1451.0700000000002
C1487;79;F;19;Annuel;44.87;Non;Oui;852.53
C1488;80;F;19;Bi-annuel;81.71;Oui;Oui;Manquant
C1489;42;F;36;Mensuel;90.68;Oui;Non;3264.4800000000005
C1490;73;M;29;Annuel;36.7;Non;Oui;1064.3000000000002
C1491;50;M;60;Mensuel;36.76;Oui;Non;2205.6
C1492;55;F;2;Annuel;23.67;Non;Non;47.34
C1493;23;M;1;Annuel;93.64;Oui;Non;93.64
C1494;75;M;47;Bi-annuel;86.38;Non;Non;4059.8599999999997
C1495;61;F;69;Mensuel;67.46;Non;Non;4654.74
C1496;62;F;20;Annuel;104.42;Oui;Non;2088.4
C1497;49;M;11;Annuel;100.57;Non;Non;1106.27
C1498;62;F;2;Bi-annuel;78.54;Oui;Non;157.08
C1499;78;M;67;Bi-annuel;106.83;Non;Non;7157.61
